name,PDB,ref,wt seq,wt firstres,length,mutant,tm,deltaG thermal,deltaG chemical,conditions,,,,
hYAP65,1K9Q,Jiang et al 2001,FEIPDDVPLPAGWEMAKTSSGQRYFLNHIDQTTTWQDPRK,5,40,wt,51.6,-1.08,,"20 mM Kpi 100 mM NaCl pH7, dG computed at 65 C",,,,
hYAP65,1K9Q,Jiang et al 2001,FEIPDDVPLPAGWEMAKTSSGQRYFLNHIDQTTTWQDPRK,5,40,L30Y,54.5,-0.91,,"20 mM Kpi 100 mM NaCl pH7, dG computed at 65 C",,,,
hYAP65,1K9Q,Jiang et al 2001,FEIPDDVPLPAGWEMAKTSSGQRYFLNHIDQTTTWQDPRK,5,40,D34T,56.5,-0.73,,"20 mM Kpi 100 mM NaCl pH7, dG computed at 65 C",,,,
hYAP65,1K9Q,Jiang et al 2001,FEIPDDVPLPAGWEMAKTSSGQRYFLNHIDQTTTWQDPRK,5,40,A20R,63,-0.2,,"20 mM Kpi 100 mM NaCl pH7, dG computed at 65 C",,,,
hYAP65,1K9Q,Jiang et al 2001,FEIPDDVPLPAGWEMAKTSSGQRYFLNHIDQTTTWQDPRK,5,40,A20R D34T,68,0.26,,"20 mM Kpi 100 mM NaCl pH7, dG computed at 65 C",,,,
hYAP65,1K9Q,Jiang et al 2001,FEIPDDVPLPAGWEMAKTSSGQRYFLNHIDQTTTWQDPRK,5,40,A20R L30Y,73.7,0.78,,"20 mM Kpi 100 mM NaCl pH7, dG computed at 65 C",,,,
hYAP65,1K9Q,Jiang et al 2001,FEIPDDVPLPAGWEMAKTSSGQRYFLNHIDQTTTWQDPRK,5,40,A20R L30Y D34T,79.6,1.46,,"20 mM Kpi 100 mM NaCl pH7, dG computed at 65 C",,,,
hYAP65,1K9Q,Araya et al 2012 hyap fowler.pdf,FEIPDDVPLPAGWEMAKTSSGQRYFLNHIDQTTTWQDPRK,5,40,P12H,20,,,20 mM NaPi pH7 dG computed at 50C. Why are TMs different from Kelly?,,,,
hYAP65,1K9Q,Araya et al 2012 hyap fowler.pdf,FEIPDDVPLPAGWEMAKTSSGQRYFLNHIDQTTTWQDPRK,5,40,L30I,54.8,-0.38,,20 mM NaPi pH7 dG computed at 50C. Why are TMs different from Kelly?,,,,
hYAP65,1K9Q,Araya et al 2012 hyap fowler.pdf,FEIPDDVPLPAGWEMAKTSSGQRYFLNHIDQTTTWQDPRK,5,40,D34T,49.6,0.03,,20 mM NaPi pH7 dG computed at 50C. Why are TMs different from Kelly?,,,,
hYAP65,1K9Q,Araya et al 2012 hyap fowler.pdf,FEIPDDVPLPAGWEMAKTSSGQRYFLNHIDQTTTWQDPRK,5,40,D10Q,20,,,20 mM NaPi pH7 dG computed at 50C. Why are TMs different from Kelly?,,,,
hYAP65,1K9Q,Araya et al 2012 hyap fowler.pdf,FEIPDDVPLPAGWEMAKTSSGQRYFLNHIDQTTTWQDPRK,5,40,I33R,41.7,0.59,,20 mM NaPi pH7 dG computed at 50C. Why are TMs different from Kelly?,,,,
hYAP65,1K9Q,Araya et al 2012 hyap fowler.pdf,FEIPDDVPLPAGWEMAKTSSGQRYFLNHIDQTTTWQDPRK,5,40,T36R,38.4,0.8,,20 mM NaPi pH7 dG computed at 50C. Why are TMs different from Kelly?,,,,
hYAP65,1K9Q,Araya et al 2012 hyap fowler.pdf,FEIPDDVPLPAGWEMAKTSSGQRYFLNHIDQTTTWQDPRK,5,40,Q35K,46.6,0.26,,20 mM NaPi pH7 dG computed at 50C. Why are TMs different from Kelly?,,,,
villin,2F4K,Xiao et al 2013 pnas 201222245,MLSDEDFKAVFGMTRSAFANLPLWKQQNLKKEKGLF,41,36,wt,73,,3.17,"10 mM Na Acetate, 150 mM NaCl pH5",,,,
villin,2F4K,Xiao et al 2013 pnas 201222245,MLSDEDFKAVFGMTRSAFANLPLWKQQNLKKEKGLF,41,36,K48M,78,,4.11,"10 mM Na Acetate, 150 mM NaCl pH5",,,,
villin,2F4K,Xiao et al 2013 pnas 201222245,MLSDEDFKAVFGMTRSAFANLPLWKQQNLKKEKGLF,41,36,K65M,72,,3.87,"10 mM Na Acetate, 150 mM NaCl pH5",,,,
villin,2F4K,Xiao et al 2013 pnas 201222245,MLSDEDFKAVFGMTRSAFANLPLWKQQNLKKEKGLF,41,36,K70M,82.2,,4.37,"10 mM Na Acetate, 150 mM NaCl pH5",,,,
villin,2F4K,Xiao et al 2009 bi802€,MLSDEDFKAVFGMTRSAFANLPLWKQQNLKKEKGLF,41,36,N68A K70M,90.6,,5,"10 mM Na Acetate, 150 mM NaCl pH 5, dG  at 25C",,,,
villin,2F4K,Xiao et al 2009 bi802€,MLSDEDFKAVFGMTRSAFANLPLWKQQNLKKEKGLF,41,36,N68A K70M F47L,69.6,,2.85,"10 mM Na Acetate, 150 mM NaCl pH 5, dG  at 25C",,,,
villin,2F4K,Xiao et al 2009 bi802€,MLSDEDFKAVFGMTRSAFANLPLWKQQNLKKEKGLF,41,36,N68A K70M F51L,76,,3.01,"10 mM Na Acetate, 150 mM NaCl pH 5, dG  at 25C",,,,
villin,2F4K,Xiao et al 2009 bi802€,MLSDEDFKAVFGMTRSAFANLPLWKQQNLKKEKGLF,41,36,N68A K70M F58L,60.9,,2.62,"10 mM Na Acetate, 150 mM NaCl pH 5, dG  at 25C",,,,
villin,2F4K,Xiao et al 2009 bi802€,MLSDEDFKAVFGMTRSAFANLPLWKQQNLKKEKGLF,41,36,N68A K70M F47L F51L,68.1,,2.54,"10 mM Na Acetate, 150 mM NaCl pH 5, dG  at 25C",,,,
villin,2F4K,Xiao et al 2009 bi802€,MLSDEDFKAVFGMTRSAFANLPLWKQQNLKKEKGLF,41,36,N68A K70M F47L F58L,48.9,,0.75,"10 mM Na Acetate, 150 mM NaCl pH 5, dG  at 25C",,,,
villin,2F4K,Xiao et al 2009 bi802€,MLSDEDFKAVFGMTRSAFANLPLWKQQNLKKEKGLF,41,36,N68A K70M F51L F58L,46.4,,0.72,"10 mM Na Acetate, 150 mM NaCl pH 5, dG  at 25C",,,,
villin,2F4K,Xiao et al 2009 bi802€,MLSDEDFKAVFGMTRSAFANLPLWKQQNLKKEKGLF,41,36,N68A K70M F47L F51L F58L,49.8,,1.02,"10 mM Na Acetate, 150 mM NaCl pH 5, dG  at 25C",,,,
villin,2F4K,Xiao et al 2009 bi802€,MLSDEDFKAVFGMTRSAFANLPLWKQQNLKKEKGLF,41,36,N68A K70M W64L,74.4,,3.58,"10 mM Na Acetate, 150 mM NaCl pH 5, dG  at 25C",,,,temp
BBL,1W4H,Neuweiler 2009 bbl,QNNDALSPAIRRLLAEHNLDASAIKGTGVGGRLTREDVEKHLAKA,126,45,H142W,327.3,2.77,2.77,"chem at 283K, thermal 50 mM Kpi pH 7 200 mM KCl chemical 50 mM weird acid pH 7 200 mM NaCl",,,,0
BBL,1W4H,Neuweiler 2009 bbl,QNNDALSPAIRRLLAEHNLDASAIKGTGVGGRLTREDVEKHLAKA,126,45,H142W A130G,326.8,2.73,,"chem at 283K, thermal 50 mM Kpi pH 7 200 mM KCl chemical 50 mM weird acid pH 7 200 mM NaCl",,,,0.04
BBL,1W4H,Neuweiler 2009 bbl,QNNDALSPAIRRLLAEHNLDASAIKGTGVGGRLTREDVEKHLAKA,126,45,H142W L131A,315,1.83,1.85,"chem at 283K, thermal 50 mM Kpi pH 7 200 mM KCl chemical 50 mM weird acid pH 7 200 mM NaCl",,,,0.94
BBL,1W4H,Neuweiler 2009 bbl,QNNDALSPAIRRLLAEHNLDASAIKGTGVGGRLTREDVEKHLAKA,126,45,H142W S132G,321.2,2.3,2.14,"chem at 283K, thermal 50 mM Kpi pH 7 200 mM KCl chemical 50 mM weird acid pH 7 200 mM NaCl",,,,0.47
BBL,1W4H,Neuweiler 2009 bbl,QNNDALSPAIRRLLAEHNLDASAIKGTGVGGRLTREDVEKHLAKA,126,45,H142W P133A,332.3,3.15,,"chem at 283K, thermal 50 mM Kpi pH 7 200 mM KCl chemical 50 mM weird acid pH 7 200 mM NaCl",,,,-0.38
BBL,1W4H,Neuweiler 2009 bbl,QNNDALSPAIRRLLAEHNLDASAIKGTGVGGRLTREDVEKHLAKA,126,45,H142W A134G,322.5,2.4,2.41,"chem at 283K, thermal 50 mM Kpi pH 7 200 mM KCl chemical 50 mM weird acid pH 7 200 mM NaCl",,,,0.37
BBL,1W4H,Neuweiler 2009 bbl,QNNDALSPAIRRLLAEHNLDASAIKGTGVGGRLTREDVEKHLAKA,126,45,H142W I135V,326.9,2.74,,"chem at 283K, thermal 50 mM Kpi pH 7 200 mM KCl chemical 50 mM weird acid pH 7 200 mM NaCl",,,,0.03
BBL,1W4H,Neuweiler 2009 bbl,QNNDALSPAIRRLLAEHNLDASAIKGTGVGGRLTREDVEKHLAKA,126,45,H142W I135A,305.9,1.14,1.36,"chem at 283K, thermal 50 mM Kpi pH 7 200 mM KCl chemical 50 mM weird acid pH 7 200 mM NaCl",,,,1.63
BBL,1W4H,Neuweiler 2009 bbl,QNNDALSPAIRRLLAEHNLDASAIKGTGVGGRLTREDVEKHLAKA,126,45,H142W L138A,305.4,1.1,1.04,"chem at 283K, thermal 50 mM Kpi pH 7 200 mM KCl chemical 50 mM weird acid pH 7 200 mM NaCl",,,,1.67
BBL,1W4H,Neuweiler 2009 bbl,QNNDALSPAIRRLLAEHNLDASAIKGTGVGGRLTREDVEKHLAKA,126,45,H142W L139A,282.8,-0.73,,"chem at 283K, thermal 50 mM Kpi pH 7 200 mM KCl chemical 50 mM weird acid pH 7 200 mM NaCl",,,,3.5
BBL,1W4H,Neuweiler 2009 bbl,QNNDALSPAIRRLLAEHNLDASAIKGTGVGGRLTREDVEKHLAKA,126,45,H142W A140G,313.9,1.75,1.84,"chem at 283K, thermal 50 mM Kpi pH 7 200 mM KCl chemical 50 mM weird acid pH 7 200 mM NaCl",,,,1.02
BBL,1W4H,Neuweiler 2009 bbl,QNNDALSPAIRRLLAEHNLDASAIKGTGVGGRLTREDVEKHLAKA,126,45,H142W L144A,302.4,0.87,1.23,"chem at 283K, thermal 50 mM Kpi pH 7 200 mM KCl chemical 50 mM weird acid pH 7 200 mM NaCl",,,,1.9
BBL,1W4H,Neuweiler 2009 bbl,QNNDALSPAIRRLLAEHNLDASAIKGTGVGGRLTREDVEKHLAKA,126,45,H142W A146G,319.6,2.19,2.21,"chem at 283K, thermal 50 mM Kpi pH 7 200 mM KCl chemical 50 mM weird acid pH 7 200 mM NaCl",,,,0.58
BBL,1W4H,Neuweiler 2009 bbl,QNNDALSPAIRRLLAEHNLDASAIKGTGVGGRLTREDVEKHLAKA,126,45,H142W A148G,321.7,2.34,2.22,"chem at 283K, thermal 50 mM Kpi pH 7 200 mM KCl chemical 50 mM weird acid pH 7 200 mM NaCl",,,,0.43
BBL,1W4H,Neuweiler 2009 bbl,QNNDALSPAIRRLLAEHNLDASAIKGTGVGGRLTREDVEKHLAKA,126,45,H142W I149V,317.5,2.02,2.1,"chem at 283K, thermal 50 mM Kpi pH 7 200 mM KCl chemical 50 mM weird acid pH 7 200 mM NaCl",,,,0.75
BBL,1W4H,Neuweiler 2009 bbl,QNNDALSPAIRRLLAEHNLDASAIKGTGVGGRLTREDVEKHLAKA,126,45,H142W T152S,323.5,2.48,,"chem at 283K, thermal 50 mM Kpi pH 7 200 mM KCl chemical 50 mM weird acid pH 7 200 mM NaCl",,,,0.29
BBL,1W4H,Neuweiler 2009 bbl,QNNDALSPAIRRLLAEHNLDASAIKGTGVGGRLTREDVEKHLAKA,126,45,H142W T152A,309.5,1.41,1.04,"chem at 283K, thermal 50 mM Kpi pH 7 200 mM KCl chemical 50 mM weird acid pH 7 200 mM NaCl",,,,1.36
BBL,1W4H,Neuweiler 2009 bbl,QNNDALSPAIRRLLAEHNLDASAIKGTGVGGRLTREDVEKHLAKA,126,45,H142W V154G,316.3,1.93,1.82,"chem at 283K, thermal 50 mM Kpi pH 7 200 mM KCl chemical 50 mM weird acid pH 7 200 mM NaCl",,,,0.84
BBL,1W4H,Neuweiler 2009 bbl,QNNDALSPAIRRLLAEHNLDASAIKGTGVGGRLTREDVEKHLAKA,126,45,H142W L158A,299.5,0.65,,"chem at 283K, thermal 50 mM Kpi pH 7 200 mM KCl chemical 50 mM weird acid pH 7 200 mM NaCl",,,,2.12
BBL,1W4H,Neuweiler 2009 bbl,QNNDALSPAIRRLLAEHNLDASAIKGTGVGGRLTREDVEKHLAKA,126,45,H142W T159S,305.9,1.14,1.54,"chem at 283K, thermal 50 mM Kpi pH 7 200 mM KCl chemical 50 mM weird acid pH 7 200 mM NaCl",,,,1.63
BBL,1W4H,Neuweiler 2009 bbl,QNNDALSPAIRRLLAEHNLDASAIKGTGVGGRLTREDVEKHLAKA,126,45,H142W T159A,,-0.7,,"chem at 283K, thermal 50 mM Kpi pH 7 200 mM KCl chemical 50 mM weird acid pH 7 200 mM NaCl",,,,nd too destab
BBL,1W4H,Neuweiler 2009 bbl,QNNDALSPAIRRLLAEHNLDASAIKGTGVGGRLTREDVEKHLAKA,126,45,H142W D162N,287.7,-0.33,,"chem at 283K, thermal 50 mM Kpi pH 7 200 mM KCl chemical 50 mM weird acid pH 7 200 mM NaCl",,,,3.1
BBL,1W4H,Neuweiler 2009 bbl,QNNDALSPAIRRLLAEHNLDASAIKGTGVGGRLTREDVEKHLAKA,126,45,H142W V163A,301.2,0.75,,"chem at 283K, thermal 50 mM Kpi pH 7 200 mM KCl chemical 50 mM weird acid pH 7 200 mM NaCl",,,,2.02
BBL,1W4H,Neuweiler 2009 bbl,QNNDALSPAIRRLLAEHNLDASAIKGTGVGGRLTREDVEKHLAKA,126,45,H142W H166A,328.1,2.83,,"chem at 283K, thermal 50 mM Kpi pH 7 200 mM KCl chemical 50 mM weird acid pH 7 200 mM NaCl",,,,-0.06
BBL,1W4H,Neuweiler 2009 bbl,QNNDALSPAIRRLLAEHNLDASAIKGTGVGGRLTREDVEKHLAKA,126,45,H142W H166G,307.5,1.19,0.8,"chem at 283K, thermal 50 mM Kpi pH 7 200 mM KCl chemical 50 mM weird acid pH 7 200 mM NaCl",,,,1.58
BBL,1W4H,Neuweiler 2009 bbl,QNNDALSPAIRRLLAEHNLDASAIKGTGVGGRLTREDVEKHLAKA,126,45,H142W L167A,319.9,2.2,2.14,"chem at 283K, thermal 50 mM Kpi pH 7 200 mM KCl chemical 50 mM weird acid pH 7 200 mM NaCl",,,,0.57
BBL,1W4H,Neuweiler 2009 bbl,QNNDALSPAIRRLLAEHNLDASAIKGTGVGGRLTREDVEKHLAKA,126,45,H142W A168G,326.4,2.7,,"chem at 283K, thermal 50 mM Kpi pH 7 200 mM KCl chemical 50 mM weird acid pH 7 200 mM NaCl",,,,0.07
BBL,1W4H,Neuweiler 2009 bbl,QNNDALSPAIRRLLAEHNLDASAIKGTGVGGRLTREDVEKHLAKA,126,45,L131W,321.8,2.27,2.11,"chem at 283K, thermal 50 mM Kpi pH 7 200 mM KCl chemical 50 mM weird acid pH 7 200 mM NaCl",,,,
BBL,1W4H,Neuweiler 2009 bbl,QNNDALSPAIRRLLAEHNLDASAIKGTGVGGRLTREDVEKHLAKA,126,45,L131W L167A,306,1.09,1.37,"chem at 283K, thermal 50 mM Kpi pH 7 200 mM KCl chemical 50 mM weird acid pH 7 200 mM NaCl",,,,1.18
GCN4,2ZTA,Ibarra-Molero gcn4.pdf,RMKQLEDKVEELLSKNYHLENEVARLKKLVGER,1,33,M2V,,,10.1,from chemical at 15C and pH 7,,,,
GCN4,2ZTA,Ibarra-Molero gcn4.pdf,RMKQLEDKVEELLSKNYHLENEVARLKKLVGER,1,33,M2V K8A,,,9.71,from chemical at 15C and pH 7,,,,
GCN4,2ZTA,Ibarra-Molero gcn4.pdf,RMKQLEDKVEELLSKNYHLENEVARLKKLVGER,1,33,M2V E11Q,,,9.36,from chemical at 15C and pH 7,,,,
GCN4,2ZTA,Ibarra-Molero gcn4.pdf,RMKQLEDKVEELLSKNYHLENEVARLKKLVGER,1,33,M2V K15A,,,9.69,from chemical at 15C and pH 7,,,,
GCN4,2ZTA,Ibarra-Molero gcn4.pdf,RMKQLEDKVEELLSKNYHLENEVARLKKLVGER,1,33,M2V E20Q,,,10.3,from chemical at 15C and pH 7,,,,
GCN4,2ZTA,Ibarra-Molero gcn4.pdf,RMKQLEDKVEELLSKNYHLENEVARLKKLVGER,1,33,M2V E22Q,,,8.27,from chemical at 15C and pH 7,,,,
GCN4,2ZTA,Ibarra-Molero gcn4.pdf,RMKQLEDKVEELLSKNYHLENEVARLKKLVGER,1,33,M2V R25A,,,8.44,from chemical at 15C and pH 7,,,,
GCN4,2ZTA,Ibarra-Molero gcn4.pdf,RMKQLEDKVEELLSKNYHLENEVARLKKLVGER,1,33,M2V K27A,,,9.19,from chemical at 15C and pH 7,,,,
GCN4,2ZTA,Ibarra-Molero gcn4.pdf,RMKQLEDKVEELLSKNYHLENEVARLKKLVGER,1,33,M2V K28A,,,10.04,from chemical at 15C and pH 7,,,,
GCN4,2ZTA,Ibarra-Molero gcn4.pdf,RMKQLEDKVEELLSKNYHLENEVARLKKLVGER,1,33,M2V K8A E11Q,,,9.53,from chemical at 15C and pH 7,,,,
GCN4,2ZTA,Ibarra-Molero gcn4.pdf,RMKQLEDKVEELLSKNYHLENEVARLKKLVGER,1,33,M2V E11Q K15A,,,9.96,from chemical at 15C and pH 7,,,,
GCN4,2ZTA,Ibarra-Molero gcn4.pdf,RMKQLEDKVEELLSKNYHLENEVARLKKLVGER,1,33,M2V K15A E20Q,,,10.92,from chemical at 15C and pH 7,,,,
GCN4,2ZTA,Ibarra-Molero gcn4.pdf,RMKQLEDKVEELLSKNYHLENEVARLKKLVGER,1,33,M2V E22Q R25A,,,0,from chemical at 15C and pH 7,,,,
GCN4,2ZTA,Ibarra-Molero gcn4.pdf,RMKQLEDKVEELLSKNYHLENEVARLKKLVGER,1,33,M2V E22Q K27A,,,7.3,from chemical at 15C and pH 7,,,,
GCN4,2ZTA,Ibarra-Molero gcn4.pdf,RMKQLEDKVEELLSKNYHLENEVARLKKLVGER,1,33,M2V E20Q E22Q,,,8.38,from chemical at 15C and pH 7,,,,
GCN4,2ZTA,Ibarra-Molero gcn4.pdf,RMKQLEDKVEELLSKNYHLENEVARLKKLVGER,1,33,M2V E11Q E20Q E22Q,,,7.73,from chemical at 15C and pH 7,,,,
GCN4,2ZTA,Spek 1998 gcn4 more,RVKQLEDKVEELLSKNYHLENEVARLKKLVGER,1,33,S14R H18E N21R,67,1.72,,"ddGs vs wild type, 150 mM NaCl 50 mM NaPi pH7",,,,
GCN4,2ZTA,Spek 1998 gcn4 more,RVKQLEDKVEELLSKNYHLENEVARLKKLVGER,1,33,S14R H18E N21A,66,1.64,,"ddGs vs wild type, 150 mM NaCl 50 mM NaPi pH7",,,,
GCN4,2ZTA,Spek 1998 gcn4 more,RVKQLEDKVEELLSKNYHLENEVARLKKLVGER,1,33,S14A H18A N21R,61,1.23,,"ddGs vs wild type, 150 mM NaCl 50 mM NaPi pH7",,,,
GCN4,2ZTA,Spek 1998 gcn4 more,RVKQLEDKVEELLSKNYHLENEVARLKKLVGER,1,33,S14R H18A N21R,60,1.15,,"ddGs vs wild type, 150 mM NaCl 50 mM NaPi pH7",,,,
GCN4,2ZTA,Spek 1998 gcn4 more,RVKQLEDKVEELLSKNYHLENEVARLKKLVGER,1,33,S14A H18E N21R,60,1.15,,"ddGs vs wild type, 150 mM NaCl 50 mM NaPi pH7",,,,
GCN4,2ZTA,Spek 1998 gcn4 more,RVKQLEDKVEELLSKNYHLENEVARLKKLVGER,1,33,S14R H18A N21A,59,1.07,,"ddGs vs wild type, 150 mM NaCl 50 mM NaPi pH7",,,,
GCN4,2ZTA,Spek 1998 gcn4 more,RVKQLEDKVEELLSKNYHLENEVARLKKLVGER,1,33,S14A H18A N21A,59,1.07,,"ddGs vs wild type, 150 mM NaCl 50 mM NaPi pH7",,,,
GCN4,2ZTA,Spek 1998 gcn4 more,RVKQLEDKVEELLSKNYHLENEVARLKKLVGER,1,33,S14A H18E N21A,55,0.76,,"ddGs vs wild type, 150 mM NaCl 50 mM NaPi pH7",,,,
GCN4,2ZTA,Spek 1998 gcn4 more,RVKQLEDKVEELLSKNYHLENEVARLKKLVGER,1,33,H18R N21E,48,0.22,,"ddGs vs wild type, 150 mM NaCl 50 mM NaPi pH7",,,,
GCN4,2ZTA,Spek 1998 gcn4 more,RVKQLEDKVEELLSKNYHLENEVARLKKLVGER,1,33,wt,45,0,,"ddGs vs wild type, 150 mM NaCl 50 mM NaPi pH7",,,,
GCN4-VNVV,2ZTA,Zu 2000 gcn4 more2,STHMKQLEDKVEELLSKNYHLENEVARLKKLVGER,1,35,wt,56.1,6.2,,"Tm from 40 uM, deltaG at 60C with 1M standard conc. 10 mM phosphate buffer, pH 7",,,,
GCN4-VNVV,2ZTA,Zu 2000 gcn4 more2,STHMKQLEDKVEELLSKNYHLENEVARLKKLVGER,1,35,V11I N18I V25I V32I,folded at 100,,,"Tm from 40 uM, deltaG at 60C with 1M standard conc. 10 mM phosphate buffer, pH 7",,,,
GCN4-VNVV,2ZTA,Zu 2000 gcn4 more2,STHMKQLEDKVEELLSKNYHLENEVARLKKLVGER,1,35,V11N N18I V25I V32I,not two state,,,"Tm from 40 uM, deltaG at 60C with 1M standard conc. 10 mM phosphate buffer, pH 7",,,,
GCN4-VNVV,2ZTA,Zu 2000 gcn4 more2,STHMKQLEDKVEELLSKNYHLENEVARLKKLVGER,1,35,V11I N18N V25I V32I,69.5,8.1,,"Tm from 40 uM, deltaG at 60C with 1M standard conc. 10 mM phosphate buffer, pH 7",,,,
GCN4-VNVV,2ZTA,Zu 2000 gcn4 more2,STHMKQLEDKVEELLSKNYHLENEVARLKKLVGER,1,35,V11I N18I V25N V32I,79.5,9.9,,"Tm from 40 uM, deltaG at 60C with 1M standard conc. 10 mM phosphate buffer, pH 7",,,,
GCN4-VNVV,2ZTA,Zu 2000 gcn4 more2,STHMKQLEDKVEELLSKNYHLENEVARLKKLVGER,1,35,V11I N18I V25I V32N,folded at 100,,,"Tm from 40 uM, deltaG at 60C with 1M standard conc. 10 mM phosphate buffer, pH 7",,,,
GCN4-VNVV,2ZTA,Zu 2000 gcn4 more2,STHMKQLEDKVEELLSKNYHLENEVARLKKLVGER,1,35,V11N N18I V25N V32I,45,5.1,,"Tm from 40 uM, deltaG at 60C with 1M standard conc. 10 mM phosphate buffer, pH 7",,,,
GCN4-VNVV,2ZTA,Zu 2000 gcn4 more2,STHMKQLEDKVEELLSKNYHLENEVARLKKLVGER,1,35,V11I N18N V25N V32I,52.5,5.5,,"Tm from 40 uM, deltaG at 60C with 1M standard conc. 10 mM phosphate buffer, pH 7",,,,
GCN4-VNVV,2ZTA,Zu 2000 gcn4 more2,STHMKQLEDKVEELLSKNYHLENEVARLKKLVGER,1,35,V11I N18N V25I V32N,50.6,5.3,,"Tm from 40 uM, deltaG at 60C with 1M standard conc. 10 mM phosphate buffer, pH 7",,,,
GCN4-VNVV,2ZTA,Zu 2000 gcn4 more2,STHMKQLEDKVEELLSKNYHLENEVARLKKLVGER,1,35,V11I N18I V25N V32N,64,7.3,,"Tm from 40 uM, deltaG at 60C with 1M standard conc. 10 mM phosphate buffer, pH 7",,,,
GCN4-VNVV,2ZTA,Zu 2000 gcn4 more2,STHMKQLEDKVEELLSKNYHLENEVARLKKLVGER,1,35,V11N N18N V25N V32I,21.2,0.6,,"Tm from 40 uM, deltaG at 60C with 1M standard conc. 10 mM phosphate buffer, pH 7",,,,
GCN4-VNVV,2ZTA,Zu 2000 gcn4 more2,STHMKQLEDKVEELLSKNYHLENEVARLKKLVGER,1,35,V11N N18N V25N V32N,not folded at 0C,,,"Tm from 40 uM, deltaG at 60C with 1M standard conc. 10 mM phosphate buffer, pH 7",,,,
p53tetS-gabeshortened,1SAK,mateu 1998 p53 3,KKKPLDGEYFTLQIRGRERFEMFRELNEALELKDAQAGKEPG,319,42,wt,73.5,,32.5,40 uM monomer in 25 mM phosphate pH 7,,,,
p53tetS-gabeshortened,1SAK,mateu 1998 p53 3,KKKPLDGEYFTLQIRGRERFEMFRELNEALELKDAQAGKEPG,319,42,E326A,70.2,,30.9,40 uM monomer in 25 mM phosphate pH 7,,,,
p53tetS-gabeshortened,1SAK,mateu 1998 p53 3,KKKPLDGEYFTLQIRGRERFEMFRELNEALELKDAQAGKEPG,319,42,F328A,43.4,,25.3,40 uM monomer in 25 mM phosphate pH 7,,,,
p53tetS-gabeshortened,1SAK,mateu 1998 p53 3,KKKPLDGEYFTLQIRGRERFEMFRELNEALELKDAQAGKEPG,319,42,T329A,67.1,,28.8,40 uM monomer in 25 mM phosphate pH 7,,,,
p53tetS-gabeshortened,1SAK,mateu 1998 p53 3,KKKPLDGEYFTLQIRGRERFEMFRELNEALELKDAQAGKEPG,319,42,L330A,unfolded,,,40 uM monomer in 25 mM phosphate pH 7,,,,
p53tetS-gabeshortened,1SAK,mateu 1998 p53 3,KKKPLDGEYFTLQIRGRERFEMFRELNEALELKDAQAGKEPG,319,42,Q331A,71.6,,31,40 uM monomer in 25 mM phosphate pH 7,,,,
p53tetS-gabeshortened,1SAK,mateu 1998 p53 3,KKKPLDGEYFTLQIRGRERFEMFRELNEALELKDAQAGKEPG,319,42,I332A,unfolded,,,40 uM monomer in 25 mM phosphate pH 7,,,,
p53tetS-gabeshortened,1SAK,mateu 1998 p53 3,KKKPLDGEYFTLQIRGRERFEMFRELNEALELKDAQAGKEPG,319,42,R333A,59.8,,28.5,40 uM monomer in 25 mM phosphate pH 7,,,,
p53tetS-gabeshortened,1SAK,mateu 1998 p53 3,KKKPLDGEYFTLQIRGRERFEMFRELNEALELKDAQAGKEPG,319,42,R335A,63.7,,30.3,40 uM monomer in 25 mM phosphate pH 7,,,,
p53tetS-gabeshortened,1SAK,mateu 1998 p53 3,KKKPLDGEYFTLQIRGRERFEMFRELNEALELKDAQAGKEPG,319,42,E336A,78.6,,35.5,40 uM monomer in 25 mM phosphate pH 7,,,,
p53tetS-gabeshortened,1SAK,mateu 1998 p53 3,KKKPLDGEYFTLQIRGRERFEMFRELNEALELKDAQAGKEPG,319,42,R337A,34.3,,23.1,40 uM monomer in 25 mM phosphate pH 7,,,,
p53tetS-gabeshortened,1SAK,mateu 1998 p53 3,KKKPLDGEYFTLQIRGRERFEMFRELNEALELKDAQAGKEPG,319,42,F338A,53.2,,25.2,40 uM monomer in 25 mM phosphate pH 7,,,,
p53tetS-gabeshortened,1SAK,mateu 1998 p53 3,KKKPLDGEYFTLQIRGRERFEMFRELNEALELKDAQAGKEPG,319,42,E339A,70.5,,30.6,40 uM monomer in 25 mM phosphate pH 7,,,,
p53tetS-gabeshortened,1SAK,mateu 1998 p53 3,KKKPLDGEYFTLQIRGRERFEMFRELNEALELKDAQAGKEPG,319,42,M340A,54.6,,26.1,40 uM monomer in 25 mM phosphate pH 7,,,,
p53tetS-gabeshortened,1SAK,mateu 1998 p53 3,KKKPLDGEYFTLQIRGRERFEMFRELNEALELKDAQAGKEPG,319,42,F341A,unfolded,,,40 uM monomer in 25 mM phosphate pH 7,,,,
p53tetS-gabeshortened,1SAK,mateu 1998 p53 3,KKKPLDGEYFTLQIRGRERFEMFRELNEALELKDAQAGKEPG,319,42,R342A,66,,31,40 uM monomer in 25 mM phosphate pH 7,,,,
p53tetS-gabeshortened,1SAK,mateu 1998 p53 3,KKKPLDGEYFTLQIRGRERFEMFRELNEALELKDAQAGKEPG,319,42,E343A,73.8,,31.4,40 uM monomer in 25 mM phosphate pH 7,,,,
p53tetS-gabeshortened,1SAK,mateu 1998 p53 3,KKKPLDGEYFTLQIRGRERFEMFRELNEALELKDAQAGKEPG,319,42,L344A,46.9,,9.3,40 uM monomer in 25 mM phosphate pH 7,,,,
p53tetS-gabeshortened,1SAK,mateu 1998 p53 3,KKKPLDGEYFTLQIRGRERFEMFRELNEALELKDAQAGKEPG,319,42,N345A,69.5,,28.7,40 uM monomer in 25 mM phosphate pH 7,,,,
p53tetS-gabeshortened,1SAK,mateu 1998 p53 3,KKKPLDGEYFTLQIRGRERFEMFRELNEALELKDAQAGKEPG,319,42,E346A,70.1,,32.1,40 uM monomer in 25 mM phosphate pH 7,,,,
p53tetS-gabeshortened,1SAK,mateu 1998 p53 3,KKKPLDGEYFTLQIRGRERFEMFRELNEALELKDAQAGKEPG,319,42,A347G,63.2,,29.8,40 uM monomer in 25 mM phosphate pH 7,,,,
p53tetS-gabeshortened,1SAK,mateu 1998 p53 3,KKKPLDGEYFTLQIRGRERFEMFRELNEALELKDAQAGKEPG,319,42,L348A,42.2,,8.2,40 uM monomer in 25 mM phosphate pH 7,,,,
p53tetS-gabeshortened,1SAK,mateu 1998 p53 3,KKKPLDGEYFTLQIRGRERFEMFRELNEALELKDAQAGKEPG,319,42,E349A,51.3,,28.7,40 uM monomer in 25 mM phosphate pH 7,,,,
p53tetS-gabeshortened,1SAK,mateu 1998 p53 3,KKKPLDGEYFTLQIRGRERFEMFRELNEALELKDAQAGKEPG,319,42,L350A,67.7,,30.4,40 uM monomer in 25 mM phosphate pH 7,,,,
p53tetS-gabeshortened,1SAK,mateu 1998 p53 3,KKKPLDGEYFTLQIRGRERFEMFRELNEALELKDAQAGKEPG,319,42,K351A,68.5,,34.9,40 uM monomer in 25 mM phosphate pH 7,,,,
p53tetS-gabeshortened,1SAK,mateu 1998 p53 3,KKKPLDGEYFTLQIRGRERFEMFRELNEALELKDAQAGKEPG,319,42,D352A,66.7,,30.3,40 uM monomer in 25 mM phosphate pH 7,,,,
p53tetS-gabeshortened,1SAK,mateu 1999 p53 1,KKKPLDGEYFTLQIRGRERFEMFRELNEALELKDAQAGKEPG,319,42,I332V,,,27.7,4.8,,,,
p53tetS-gabeshortened,1SAK,mateu 1999 p53 1,KKKPLDGEYFTLQIRGRERFEMFRELNEALELKDAQAGKEPG,319,42,F341L,,,29.4,3.1,,,,
p53tetS-gabeshortened,1SAK,mateu 1999 p53 2,KKKPLDGEYFTLQIRGRERFEMFRELNEALELKDAQAGKEPG,319,42,F328L,,,29,40 uM monomer in 25 mM phosphate pH 7,,,,
p53tetS-gabeshortened,1SAK,mateu 1999 p53 2,KKKPLDGEYFTLQIRGRERFEMFRELNEALELKDAQAGKEPG,319,42,L330F,,,27.3,40 uM monomer in 25 mM phosphate pH 7,,,,
p53tetS-gabeshortened,1SAK,mateu 1999 p53 2,KKKPLDGEYFTLQIRGRERFEMFRELNEALELKDAQAGKEPG,319,42,M340I,,,33.2,40 uM monomer in 25 mM phosphate pH 7,,,,
p53tetS-gabeshortened,1SAK,mateu 1999 p53 2,KKKPLDGEYFTLQIRGRERFEMFRELNEALELKDAQAGKEPG,319,42,F341I,,,25.6,40 uM monomer in 25 mM phosphate pH 7,,,,
p53tetS-gabeshortened,1SAK,mateu 1999 p53 2,KKKPLDGEYFTLQIRGRERFEMFRELNEALELKDAQAGKEPG,319,42,L344F,,,26.4,40 uM monomer in 25 mM phosphate pH 7,,,,
p53tetS-gabeshortened,1SAK,mateu 1999 p53 2,KKKPLDGEYFTLQIRGRERFEMFRELNEALELKDAQAGKEPG,319,42,L344I,,,31.3,40 uM monomer in 25 mM phosphate pH 7,,,,
p53tetS-gabeshortened,1SAK,mateu 1999 p53 2,KKKPLDGEYFTLQIRGRERFEMFRELNEALELKDAQAGKEPG,319,42,F341L L344F,,,24.1,40 uM monomer in 25 mM phosphate pH 7,,,,
p53tetS-gabeshortened,1SAK,mateu 1999 p53 2,KKKPLDGEYFTLQIRGRERFEMFRELNEALELKDAQAGKEPG,319,42,I332V F341L,,,30.3,40 uM monomer in 25 mM phosphate pH 7,,,,
p53tetS-gabeshortened,1SAK,mateu 1999 p53 2,KKKPLDGEYFTLQIRGRERFEMFRELNEALELKDAQAGKEPG,319,42,I332V M340I F341L,,,29.4,40 uM monomer in 25 mM phosphate pH 7,,,,
p53tetS-gabeshortened,1SAK,mateu 1999 p53 2,KKKPLDGEYFTLQIRGRERFEMFRELNEALELKDAQAGKEPG,319,42,F341L L344I,,,31.2,40 uM monomer in 25 mM phosphate pH 7,,,,
p53tetS-gabeshortened,1SAK,mateu 1999 p53 2,KKKPLDGEYFTLQIRGRERFEMFRELNEALELKDAQAGKEPG,319,42,I332V F341L L344I,,,32.4,40 uM monomer in 25 mM phosphate pH 7,,,,
p53tetS-gabeshortened,1SAK,mateu 1999 p53 2,KKKPLDGEYFTLQIRGRERFEMFRELNEALELKDAQAGKEPG,319,42,F328L I332V F341L L344I,,,26.8,40 uM monomer in 25 mM phosphate pH 7,,,,
PFRD-XC4,1BRF,strop 2000 1brf,AKWVLKITGYIYDEDAGDPDNGISPGTKFEELPDDWVAPITGAPKSEFEK,1,50,wt,82,,4.6,"urea denat , 50 mM NaPi pH 6.3, gdn denat at 1C",,,,
PFRD-XC4,1BRF,strop 2000 1brf,AKWVLKITGYIYDEDAGDPDNGISPGTKFEELPDDWVAPITGAPKSEFEK,1,50,A1Q,63,,3.5,"urea denat , 50 mM NaPi pH 6.3, gdn denat at 1C",,,,
PFRD-XC4,1BRF,strop 2000 1brf,AKWVLKITGYIYDEDAGDPDNGISPGTKFEELPDDWVAPITGAPKSEFEK,1,50,E14Q,57,,2.7,"urea denat , 50 mM NaPi pH 6.3, gdn denat at 1C",,,,
PFRD-XC4,1BRF,strop 2000 1brf,AKWVLKITGYIYDEDAGDPDNGISPGTKFEELPDDWVAPITGAPKSEFEK,1,50,A1Q E14Q,39,,2.1,"urea denat , 50 mM NaPi pH 6.3, gdn denat at 1C",,,,
PFRD-XC4,1BRF,strop 2000 1brf,AKWVLKITGYIYDEDAGDPDNGISPGTKFEELPDDWVAPITGAPKSEFEK,1,50,E14T,38,,1.3,"urea denat , 50 mM NaPi pH 6.3, gdn denat at 1C",,,,
PFRD-XC4,1BRF,strop 2000 1brf,AKWVLKITGYIYDEDAGDPDNGISPGTKFEELPDDWVAPITGAPKSEFEK,1,50,A1Q E14T,41,,1.7,"urea denat , 50 mM NaPi pH 6.3, gdn denat at 1C",,,,
PFRD-XC4,1BRF,strop 2000 1brf,AKWVLKITGYIYDEDAGDPDNGISPGTKFEELPDDWVAPITGAPKSEFEK,1,50,K6A,74,,4,"urea denat , 50 mM NaPi pH 6.3, gdn denat at 1C",,,,
PFRD-XC4,1BRF,strop 2000 1brf,AKWVLKITGYIYDEDAGDPDNGISPGTKFEELPDDWVAPITGAPKSEFEK,1,50,E49A,77,,4.1,"urea denat , 50 mM NaPi pH 6.3, gdn denat at 1C",,,,
PFRD-XC4,1BRF,strop 2000 1brf,AKWVLKITGYIYDEDAGDPDNGISPGTKFEELPDDWVAPITGAPKSEFEK,1,50,K6A E49A,74,,3.8,"urea denat , 50 mM NaPi pH 6.3, gdn denat at 1C",,,,
arc,1PAR,srivastava2000 arc repressor,MKGMSKMPQFNLRWPREVLDLVRKVAEENGRSVNSEIYQRVMESFKKEGR,1,50,wt,,,10.62,"urea denat, 250 mM KCl, 25C, pH 7.5",,,,
arc,1PAR,srivastava2000 arc repressor,MKGMSKMPQFNLRWPREVLDLVRKVAEENGRSVNSEIYQRVMESFKKEGR,1,50,Q9G,,,11.3,"urea denat, 250 mM KCl, 25C, pH 7.5",,,,
arc,1PAR,srivastava2000 arc repressor,MKGMSKMPQFNLRWPREVLDLVRKVAEENGRSVNSEIYQRVMESFKKEGR,1,50,R13G,,,10.98,"urea denat, 250 mM KCl, 25C, pH 7.5",,,,
arc,1PAR,srivastava2000 arc repressor,MKGMSKMPQFNLRWPREVLDLVRKVAEENGRSVNSEIYQRVMESFKKEGR,1,50,Q9A N11A R13A,,,11.83,"urea denat, 250 mM KCl, 25C, pH 7.5",,,,
arc,1PAR,srivastava2000 arc repressor,MKGMSKMPQFNLRWPREVLDLVRKVAEENGRSVNSEIYQRVMESFKKEGR,1,50,Q9G N11G R13G,,,10.82,"urea denat, 250 mM KCl, 25C, pH 7.5",,,,
arc,1PAR,srivastava2000 arc repressor,MKGMSKMPQFNLRWPREVLDLVRKVAEENGRSVNSEIYQRVMESFKKEGR,1,50,R16G,,,9.07,"urea denat, 250 mM KCl, 25C, pH 7.5",,,,
arc,1PAR,srivastava2000 arc repressor,MKGMSKMPQFNLRWPREVLDLVRKVAEENGRSVNSEIYQRVMESFKKEGR,1,50,E17G,,,9.43,"urea denat, 250 mM KCl, 25C, pH 7.5",,,,
arc,1PAR,srivastava2000 arc repressor,MKGMSKMPQFNLRWPREVLDLVRKVAEENGRSVNSEIYQRVMESFKKEGR,1,50,D20G,,,7.83,"urea denat, 250 mM KCl, 25C, pH 7.5",,,,
arc,1PAR,srivastava2000 arc repressor,MKGMSKMPQFNLRWPREVLDLVRKVAEENGRSVNSEIYQRVMESFKKEGR,1,50,R23G,,,8.48,"urea denat, 250 mM KCl, 25C, pH 7.5",,,,
arc,1PAR,srivastava2000 arc repressor,MKGMSKMPQFNLRWPREVLDLVRKVAEENGRSVNSEIYQRVMESFKKEGR,1,50,K24G,,,8.17,"urea denat, 250 mM KCl, 25C, pH 7.5",,,,
arc,1PAR,srivastava2000 arc repressor,MKGMSKMPQFNLRWPREVLDLVRKVAEENGRSVNSEIYQRVMESFKKEGR,1,50,E27G,,,9.87,"urea denat, 250 mM KCl, 25C, pH 7.5",,,,
arc,1PAR,srivastava2000 arc repressor,MKGMSKMPQFNLRWPREVLDLVRKVAEENGRSVNSEIYQRVMESFKKEGR,1,50,E28G,,,8.93,"urea denat, 250 mM KCl, 25C, pH 7.5",,,,
arc,1PAR,srivastava2000 arc repressor,MKGMSKMPQFNLRWPREVLDLVRKVAEENGRSVNSEIYQRVMESFKKEGR,1,50,N34G,,,11.26,"urea denat, 250 mM KCl, 25C, pH 7.5",,,,
arc,1PAR,srivastava2000 arc repressor,MKGMSKMPQFNLRWPREVLDLVRKVAEENGRSVNSEIYQRVMESFKKEGR,1,50,S35G,,,10.16,"urea denat, 250 mM KCl, 25C, pH 7.5",,,,
arc,1PAR,srivastava2000 arc repressor,MKGMSKMPQFNLRWPREVLDLVRKVAEENGRSVNSEIYQRVMESFKKEGR,1,50,Q39G,,,9.4,"urea denat, 250 mM KCl, 25C, pH 7.5",,,,
arc,1PAR,srivastava2000 arc repressor,MKGMSKMPQFNLRWPREVLDLVRKVAEENGRSVNSEIYQRVMESFKKEGR,1,50,K46G,,,9.02,"urea denat, 250 mM KCl, 25C, pH 7.5",,,,
arc,1PAR,srivastava2000 arc repressor,MKGMSKMPQFNLRWPREVLDLVRKVAEENGRSVNSEIYQRVMESFKKEGR,1,50,K47G,,,9.46,"urea denat, 250 mM KCl, 25C, pH 7.5",,,,
arc,1PAR,srivastava2000 arc repressor,MKGMSKMPQFNLRWPREVLDLVRKVAEENGRSVNSEIYQRVMESFKKEGR,1,50,E48G,,,8.03,"urea denat, 250 mM KCl, 25C, pH 7.5",,,,
arc,1PAR,Milla 1994 arc rep 3,MKGMSKMPQFNLRWPREVLDLVRKVAEENGRSVNSEIYQRVMESFKKEGR,1,50,P8A,74.1,,13.8,"urea denat, 250 mM KCl, 25C, pH 7.5",,,,
arc,1PAR,Milla 1994 arc rep 3,MKGMSKMPQFNLRWPREVLDLVRKVAEENGRSVNSEIYQRVMESFKKEGR,1,50,S35A,63.4,,11.1,"urea denat, 250 mM KCl, 25C, pH 7.5",,,,
arc,1PAR,Milla 1994 arc rep 3,MKGMSKMPQFNLRWPREVLDLVRKVAEENGRSVNSEIYQRVMESFKKEGR,1,50,N34A,63,,11,"urea denat, 250 mM KCl, 25C, pH 7.5",,,,
arc,1PAR,Milla 1994 arc rep 3,MKGMSKMPQFNLRWPREVLDLVRKVAEENGRSVNSEIYQRVMESFKKEGR,1,50,N11A,62.1,,11.4,"urea denat, 250 mM KCl, 25C, pH 7.5",,,,
arc,1PAR,Milla 1994 arc rep 3,MKGMSKMPQFNLRWPREVLDLVRKVAEENGRSVNSEIYQRVMESFKKEGR,1,50,Q39A,1.4,,11.1,"urea denat, 250 mM KCl, 25C, pH 7.5",,,,
arc,1PAR,Milla 1994 arc rep 3,MKGMSKMPQFNLRWPREVLDLVRKVAEENGRSVNSEIYQRVMESFKKEGR,1,50,K6A,59.6,,11.3,"urea denat, 250 mM KCl, 25C, pH 7.5",,,,
arc,1PAR,Milla 1994 arc rep 3,MKGMSKMPQFNLRWPREVLDLVRKVAEENGRSVNSEIYQRVMESFKKEGR,1,50,R16A,59.5,,11.1,"urea denat, 250 mM KCl, 25C, pH 7.5",,,,
arc,1PAR,Milla 1994 arc rep 3,MKGMSKMPQFNLRWPREVLDLVRKVAEENGRSVNSEIYQRVMESFKKEGR,1,50,V25A,59.3,,10.5,"urea denat, 250 mM KCl, 25C, pH 7.5",,,,
arc,1PAR,Milla 1994 arc rep 3,MKGMSKMPQFNLRWPREVLDLVRKVAEENGRSVNSEIYQRVMESFKKEGR,1,50,M4A,59.2,,11.1,"urea denat, 250 mM KCl, 25C, pH 7.5",,,,
arc,1PAR,Milla 1994 arc rep 3,MKGMSKMPQFNLRWPREVLDLVRKVAEENGRSVNSEIYQRVMESFKKEGR,1,50,wt,59,,10.9,"urea denat, 250 mM KCl, 25C, pH 7.5",,,,
arc,1PAR,Milla 1994 arc rep 3,MKGMSKMPQFNLRWPREVLDLVRKVAEENGRSVNSEIYQRVMESFKKEGR,1,50,E27A,58.8,,11.3,"urea denat, 250 mM KCl, 25C, pH 7.5",,,,
arc,1PAR,Milla 1994 arc rep 3,MKGMSKMPQFNLRWPREVLDLVRKVAEENGRSVNSEIYQRVMESFKKEGR,1,50,K2A,58.7,,11,"urea denat, 250 mM KCl, 25C, pH 7.5",,,,
arc,1PAR,Milla 1994 arc rep 3,MKGMSKMPQFNLRWPREVLDLVRKVAEENGRSVNSEIYQRVMESFKKEGR,1,50,Q9A,58.4,,10.8,"urea denat, 250 mM KCl, 25C, pH 7.5",,,,
arc,1PAR,Milla 1994 arc rep 3,MKGMSKMPQFNLRWPREVLDLVRKVAEENGRSVNSEIYQRVMESFKKEGR,1,50,G3A,58.1,,11.2,"urea denat, 250 mM KCl, 25C, pH 7.5",,,,
arc,1PAR,Milla 1994 arc rep 3,MKGMSKMPQFNLRWPREVLDLVRKVAEENGRSVNSEIYQRVMESFKKEGR,1,50,M1A,58,,10.8,"urea denat, 250 mM KCl, 25C, pH 7.5",,,,
arc,1PAR,Milla 1994 arc rep 3,MKGMSKMPQFNLRWPREVLDLVRKVAEENGRSVNSEIYQRVMESFKKEGR,1,50,S5A,57.5,,11,"urea denat, 250 mM KCl, 25C, pH 7.5",,,,
arc,1PAR,Milla 1994 arc rep 3,MKGMSKMPQFNLRWPREVLDLVRKVAEENGRSVNSEIYQRVMESFKKEGR,1,50,R13A,57.3,,10.3,"urea denat, 250 mM KCl, 25C, pH 7.5",,,,
arc,1PAR,Milla 1994 arc rep 3,MKGMSKMPQFNLRWPREVLDLVRKVAEENGRSVNSEIYQRVMESFKKEGR,1,50,K46A,57.1,,11,"urea denat, 250 mM KCl, 25C, pH 7.5",,,,
arc,1PAR,Milla 1994 arc rep 3,MKGMSKMPQFNLRWPREVLDLVRKVAEENGRSVNSEIYQRVMESFKKEGR,1,50,E17A,57,,10.4,"urea denat, 250 mM KCl, 25C, pH 7.5",,,,
arc,1PAR,Milla 1994 arc rep 3,MKGMSKMPQFNLRWPREVLDLVRKVAEENGRSVNSEIYQRVMESFKKEGR,1,50,V18A,56.9,,10.4,"urea denat, 250 mM KCl, 25C, pH 7.5",,,,
arc,1PAR,Milla 1994 arc rep 3,MKGMSKMPQFNLRWPREVLDLVRKVAEENGRSVNSEIYQRVMESFKKEGR,1,50,R23A,56.7,,9.8,"urea denat, 250 mM KCl, 25C, pH 7.5",,,,
arc,1PAR,Milla 1994 arc rep 3,MKGMSKMPQFNLRWPREVLDLVRKVAEENGRSVNSEIYQRVMESFKKEGR,1,50,K24A,56.3,,10.4,"urea denat, 250 mM KCl, 25C, pH 7.5",,,,
arc,1PAR,Milla 1994 arc rep 3,MKGMSKMPQFNLRWPREVLDLVRKVAEENGRSVNSEIYQRVMESFKKEGR,1,50,E43A,56.1,,10.6,"urea denat, 250 mM KCl, 25C, pH 7.5",,,,
arc,1PAR,Milla 1994 arc rep 3,MKGMSKMPQFNLRWPREVLDLVRKVAEENGRSVNSEIYQRVMESFKKEGR,1,50,E28A,55.7,,10.5,"urea denat, 250 mM KCl, 25C, pH 7.5",,,,
arc,1PAR,Milla 1994 arc rep 3,MKGMSKMPQFNLRWPREVLDLVRKVAEENGRSVNSEIYQRVMESFKKEGR,1,50,M7A,55.5,,10.3,"urea denat, 250 mM KCl, 25C, pH 7.5",,,,
arc,1PAR,Milla 1994 arc rep 3,MKGMSKMPQFNLRWPREVLDLVRKVAEENGRSVNSEIYQRVMESFKKEGR,1,50,D20A,55.3,,10.1,"urea denat, 250 mM KCl, 25C, pH 7.5",,,,
arc,1PAR,Milla 1994 arc rep 3,MKGMSKMPQFNLRWPREVLDLVRKVAEENGRSVNSEIYQRVMESFKKEGR,1,50,G49A,48.7,,9,"urea denat, 250 mM KCl, 25C, pH 7.5",,,,
arc,1PAR,Milla 1994 arc rep 3,MKGMSKMPQFNLRWPREVLDLVRKVAEENGRSVNSEIYQRVMESFKKEGR,1,50,L19A,48.3,,9,"urea denat, 250 mM KCl, 25C, pH 7.5",,,,
arc,1PAR,Milla 1994 arc rep 3,MKGMSKMPQFNLRWPREVLDLVRKVAEENGRSVNSEIYQRVMESFKKEGR,1,50,G30A,47.9,,8.5,"urea denat, 250 mM KCl, 25C, pH 7.5",,,,
arc,1PAR,Milla 1994 arc rep 3,MKGMSKMPQFNLRWPREVLDLVRKVAEENGRSVNSEIYQRVMESFKKEGR,1,50,R50A,47.9,,9.1,"urea denat, 250 mM KCl, 25C, pH 7.5",,,,
arc,1PAR,Milla 1994 arc rep 3,MKGMSKMPQFNLRWPREVLDLVRKVAEENGRSVNSEIYQRVMESFKKEGR,1,50,K47A,47.2,,9.2,"urea denat, 250 mM KCl, 25C, pH 7.5",,,,
arc,1PAR,Milla 1994 arc rep 3,MKGMSKMPQFNLRWPREVLDLVRKVAEENGRSVNSEIYQRVMESFKKEGR,1,50,P15A,46.6,,9.1,"urea denat, 250 mM KCl, 25C, pH 7.5",,,,
arc,1PAR,Milla 1994 arc rep 3,MKGMSKMPQFNLRWPREVLDLVRKVAEENGRSVNSEIYQRVMESFKKEGR,1,50,S44A,46.3,,9.4,"urea denat, 250 mM KCl, 25C, pH 7.5",,,,
arc,1PAR,Milla 1994 arc rep 3,MKGMSKMPQFNLRWPREVLDLVRKVAEENGRSVNSEIYQRVMESFKKEGR,1,50,N29A,45.3,,9.4,"urea denat, 250 mM KCl, 25C, pH 7.5",,,,
arc,1PAR,Milla 1994 arc rep 3,MKGMSKMPQFNLRWPREVLDLVRKVAEENGRSVNSEIYQRVMESFKKEGR,1,50,V33A,44.1,,8.9,"urea denat, 250 mM KCl, 25C, pH 7.5",,,,
arc,1PAR,Milla 1994 arc rep 3,MKGMSKMPQFNLRWPREVLDLVRKVAEENGRSVNSEIYQRVMESFKKEGR,1,50,E48A,43.2,,8.6,"urea denat, 250 mM KCl, 25C, pH 7.5",,,,
arc,1PAR,Milla 1994 arc rep 3,MKGMSKMPQFNLRWPREVLDLVRKVAEENGRSVNSEIYQRVMESFKKEGR,1,50,L12A,42.3,,8.3,"urea denat, 250 mM KCl, 25C, pH 7.5",,,,
arc,1PAR,Milla 1994 arc rep 3,MKGMSKMPQFNLRWPREVLDLVRKVAEENGRSVNSEIYQRVMESFKKEGR,1,50,F10A,40.6,,8.2,"urea denat, 250 mM KCl, 25C, pH 7.5",,,,
arc,1PAR,Milla 1994 arc rep 3,MKGMSKMPQFNLRWPREVLDLVRKVAEENGRSVNSEIYQRVMESFKKEGR,1,50,L21A,39.6,,7.6,"urea denat, 250 mM KCl, 25C, pH 7.5",,,,
arc,1PAR,Milla 1994 arc rep 3,MKGMSKMPQFNLRWPREVLDLVRKVAEENGRSVNSEIYQRVMESFKKEGR,1,50,R31A,37.1,,7.6,"urea denat, 250 mM KCl, 25C, pH 7.5",,,,
arc,1PAR,Milla 1994 arc rep 3,MKGMSKMPQFNLRWPREVLDLVRKVAEENGRSVNSEIYQRVMESFKKEGR,1,50,M42A,35.6,,7.4,"urea denat, 250 mM KCl, 25C, pH 7.5",,,,
arc,1PAR,Milla 1994 arc rep 3,MKGMSKMPQFNLRWPREVLDLVRKVAEENGRSVNSEIYQRVMESFKKEGR,1,50,S32A,33.5,,7.2,"urea denat, 250 mM KCl, 25C, pH 7.5",,,,
arc,1PAR,Milla 1994 arc rep 3,MKGMSKMPQFNLRWPREVLDLVRKVAEENGRSVNSEIYQRVMESFKKEGR,1,50,Y38A,33,,7.2,"urea denat, 250 mM KCl, 25C, pH 7.5",,,,
arc,1PAR,Milla 1994 arc rep 3,MKGMSKMPQFNLRWPREVLDLVRKVAEENGRSVNSEIYQRVMESFKKEGR,1,50,W14A,31.5,,7,"urea denat, 250 mM KCl, 25C, pH 7.5",,,,
arc,1PAR,Milla 1994 arc rep 3,MKGMSKMPQFNLRWPREVLDLVRKVAEENGRSVNSEIYQRVMESFKKEGR,1,50,R40A,31.2,,6.4,"urea denat, 250 mM KCl, 25C, pH 7.5",,,,
arc,1PAR,Milla 1994 arc rep 3,MKGMSKMPQFNLRWPREVLDLVRKVAEENGRSVNSEIYQRVMESFKKEGR,1,50,V22A,<20,,<5.9,"urea denat, 250 mM KCl, 25C, pH 7.5",,,,
arc,1PAR,Milla 1994 arc rep 3,MKGMSKMPQFNLRWPREVLDLVRKVAEENGRSVNSEIYQRVMESFKKEGR,1,50,E36A,<20,,<5.9,"urea denat, 250 mM KCl, 25C, pH 7.5",,,,
arc,1PAR,Milla 1994 arc rep 3,MKGMSKMPQFNLRWPREVLDLVRKVAEENGRSVNSEIYQRVMESFKKEGR,1,50,I37A,<20,,<5.9,"urea denat, 250 mM KCl, 25C, pH 7.5",,,,
arc,1PAR,Milla 1994 arc rep 3,MKGMSKMPQFNLRWPREVLDLVRKVAEENGRSVNSEIYQRVMESFKKEGR,1,50,V41A,<20,,<5.9,"urea denat, 250 mM KCl, 25C, pH 7.5",,,,
arc,1PAR,Milla 1994 arc rep 3,MKGMSKMPQFNLRWPREVLDLVRKVAEENGRSVNSEIYQRVMESFKKEGR,1,50,F45A,<20,,<5.9,"urea denat, 250 mM KCl, 25C, pH 7.5",,,,
pin1,2M8I,Jager 2009 Pin1,MADEEKLPPGWEKRMSRSSGRVYYFNHITNASQWERPSG,1,39,wt,58.6,-1.565487572,,10 mM NaPi pH 7 15 uM potein,,,,
pin1,2M8I,Jager 2009 Pin1,MADEEKLPPGWEKRMSRSSGRVYYFNHITNASQWERPSG,1,39,K6A,59.4,-1.716061185,,10 mM NaPi pH 7 15 uM potein,,,,
pin1,2M8I,Jager 2009 Pin1,MADEEKLPPGWEKRMSRSSGRVYYFNHITNASQWERPSG,1,39,L7A,37.8,0.158460803,,10 mM NaPi pH 7 15 uM potein,,,,
pin1,2M8I,Jager 2009 Pin1,MADEEKLPPGWEKRMSRSSGRVYYFNHITNASQWERPSG,1,39,L7I,49.3,-0.714627151,,10 mM NaPi pH 7 15 uM potein,,,,
pin1,2M8I,Jager 2009 Pin1,MADEEKLPPGWEKRMSRSSGRVYYFNHITNASQWERPSG,1,39,L7V,44,-0.303537285,,10 mM NaPi pH 7 15 uM potein,,,,
pin1,2M8I,Jager 2009 Pin1,MADEEKLPPGWEKRMSRSSGRVYYFNHITNASQWERPSG,1,39,P8A,47.4,-0.599904398,,10 mM NaPi pH 7 15 uM potein,,,,
pin1,2M8I,Jager 2009 Pin1,MADEEKLPPGWEKRMSRSSGRVYYFNHITNASQWERPSG,1,39,P8G,47.7,-0.650095602,,10 mM NaPi pH 7 15 uM potein,,,,
pin1,2M8I,Jager 2009 Pin1,MADEEKLPPGWEKRMSRSSGRVYYFNHITNASQWERPSG,1,39,P9A,56,-1.37667304,,10 mM NaPi pH 7 15 uM potein,,,,
pin1,2M8I,Jager 2009 Pin1,MADEEKLPPGWEKRMSRSSGRVYYFNHITNASQWERPSG,1,39,P9G,53.1,-1.073135755,,10 mM NaPi pH 7 15 uM potein,,,,
pin1,2M8I,Jager 2009 Pin1,MADEEKLPPGWEKRMSRSSGRVYYFNHITNASQWERPSG,1,39,G10A,49,-0.717017208,,10 mM NaPi pH 7 15 uM potein,,,,
pin1,2M8I,Jager 2009 Pin1,MADEEKLPPGWEKRMSRSSGRVYYFNHITNASQWERPSG,1,39,W11A,10,0.836520076,,10 mM NaPi pH 7 15 uM potein,,,,
pin1,2M8I,Jager 2009 Pin1,MADEEKLPPGWEKRMSRSSGRVYYFNHITNASQWERPSG,1,39,W11L,10,0.836520076,,10 mM NaPi pH 7 15 uM potein,,,,
pin1,2M8I,Jager 2009 Pin1,MADEEKLPPGWEKRMSRSSGRVYYFNHITNASQWERPSG,1,39,W11F,35,0.363288719,,10 mM NaPi pH 7 15 uM potein,,,,
pin1,2M8I,Jager 2009 Pin1,MADEEKLPPGWEKRMSRSSGRVYYFNHITNASQWERPSG,1,39,E12A,52.6,-1.082695985,,10 mM NaPi pH 7 15 uM potein,,,,
pin1,2M8I,Jager 2009 Pin1,MADEEKLPPGWEKRMSRSSGRVYYFNHITNASQWERPSG,1,39,K13A,59.6,-1.541586998,,10 mM NaPi pH 7 15 uM potein,,,,
pin1,2M8I,Jager 2009 Pin1,MADEEKLPPGWEKRMSRSSGRVYYFNHITNASQWERPSG,1,39,R14A,39.2,0.066443595,,10 mM NaPi pH 7 15 uM potein,,,,
pin1,2M8I,Jager 2009 Pin1,MADEEKLPPGWEKRMSRSSGRVYYFNHITNASQWERPSG,1,39,M15A,51.8,-0.975143403,,10 mM NaPi pH 7 15 uM potein,,,,
pin1,2M8I,Jager 2009 Pin1,MADEEKLPPGWEKRMSRSSGRVYYFNHITNASQWERPSG,1,39,S16A,54,-1.12332696,,10 mM NaPi pH 7 15 uM potein,,,,
pin1,2M8I,Jager 2009 Pin1,MADEEKLPPGWEKRMSRSSGRVYYFNHITNASQWERPSG,1,39,S16G,47.6,-0.64292543,,10 mM NaPi pH 7 15 uM potein,,,,
pin1,2M8I,Jager 2009 Pin1,MADEEKLPPGWEKRMSRSSGRVYYFNHITNASQWERPSG,1,39,R17A,58.8,-1.560707457,,10 mM NaPi pH 7 15 uM potein,,,,
pin1,2M8I,Jager 2009 Pin1,MADEEKLPPGWEKRMSRSSGRVYYFNHITNASQWERPSG,1,39,R17G,57.3,-1.347992352,,10 mM NaPi pH 7 15 uM potein,,,,
pin1,2M8I,Jager 2009 Pin1,MADEEKLPPGWEKRMSRSSGRVYYFNHITNASQWERPSG,1,39,S18A,58.4,-1.598948375,,10 mM NaPi pH 7 15 uM potein,,,,
pin1,2M8I,Jager 2009 Pin1,MADEEKLPPGWEKRMSRSSGRVYYFNHITNASQWERPSG,1,39,S18G,56.5,-1.586998088,,10 mM NaPi pH 7 15 uM potein,,,,
pin1,2M8I,Jager 2009 Pin1,MADEEKLPPGWEKRMSRSSGRVYYFNHITNASQWERPSG,1,39,S19A,57.1,-1.429254302,,10 mM NaPi pH 7 15 uM potein,,,,
pin1,2M8I,Jager 2009 Pin1,MADEEKLPPGWEKRMSRSSGRVYYFNHITNASQWERPSG,1,39,S19G,56,-1.572657744,,10 mM NaPi pH 7 15 uM potein,,,,
pin1,2M8I,Jager 2009 Pin1,MADEEKLPPGWEKRMSRSSGRVYYFNHITNASQWERPSG,1,39,G20A,48.9,-0.702676864,,10 mM NaPi pH 7 15 uM potein,,,,
pin1,2M8I,Jager 2009 Pin1,MADEEKLPPGWEKRMSRSSGRVYYFNHITNASQWERPSG,1,39,R21A,50.9,-0.920172084,,10 mM NaPi pH 7 15 uM potein,,,,
pin1,2M8I,Jager 2009 Pin1,MADEEKLPPGWEKRMSRSSGRVYYFNHITNASQWERPSG,1,39,R21G,51.5,-0.893881453,,10 mM NaPi pH 7 15 uM potein,,,,
pin1,2M8I,Jager 2009 Pin1,MADEEKLPPGWEKRMSRSSGRVYYFNHITNASQWERPSG,1,39,V22A,54.2,-1.309751434,,10 mM NaPi pH 7 15 uM potein,,,,
pin1,2M8I,Jager 2009 Pin1,MADEEKLPPGWEKRMSRSSGRVYYFNHITNASQWERPSG,1,39,Y23A,33.9,0.485181644,,10 mM NaPi pH 7 15 uM potein,,,,
pin1,2M8I,Jager 2009 Pin1,MADEEKLPPGWEKRMSRSSGRVYYFNHITNASQWERPSG,1,39,Y23L,45.3,-0.384799235,,10 mM NaPi pH 7 15 uM potein,,,,
pin1,2M8I,Jager 2009 Pin1,MADEEKLPPGWEKRMSRSSGRVYYFNHITNASQWERPSG,1,39,Y23F,52.8,-1.049235182,,10 mM NaPi pH 7 15 uM potein,,,,
pin1,2M8I,Jager 2009 Pin1,MADEEKLPPGWEKRMSRSSGRVYYFNHITNASQWERPSG,1,39,Y24A,10,0.836520076,,10 mM NaPi pH 7 15 uM potein,,,,
pin1,2M8I,Jager 2009 Pin1,MADEEKLPPGWEKRMSRSSGRVYYFNHITNASQWERPSG,1,39,Y24L,10,0.836520076,,10 mM NaPi pH 7 15 uM potein,,,,
pin1,2M8I,Jager 2009 Pin1,MADEEKLPPGWEKRMSRSSGRVYYFNHITNASQWERPSG,1,39,Y24F,51.4,-0.901051625,,10 mM NaPi pH 7 15 uM potein,,,,
pin1,2M8I,Jager 2009 Pin1,MADEEKLPPGWEKRMSRSSGRVYYFNHITNASQWERPSG,1,39,Y24W,52.9,-1.008604207,,10 mM NaPi pH 7 15 uM potein,,,,
pin1,2M8I,Jager 2009 Pin1,MADEEKLPPGWEKRMSRSSGRVYYFNHITNASQWERPSG,1,39,F25A,32.5,0.571223709,,10 mM NaPi pH 7 15 uM potein,,,,
pin1,2M8I,Jager 2009 Pin1,MADEEKLPPGWEKRMSRSSGRVYYFNHITNASQWERPSG,1,39,F25L,42.5,-0.198374761,,10 mM NaPi pH 7 15 uM potein,,,,
pin1,2M8I,Jager 2009 Pin1,MADEEKLPPGWEKRMSRSSGRVYYFNHITNASQWERPSG,1,39,F25Y,62,-1.780592734,,10 mM NaPi pH 7 15 uM potein,,,,
pin1,2M8I,Jager 2009 Pin1,MADEEKLPPGWEKRMSRSSGRVYYFNHITNASQWERPSG,1,39,N26A,10,0.836520076,,10 mM NaPi pH 7 15 uM potein,,,,
pin1,2M8I,Jager 2009 Pin1,MADEEKLPPGWEKRMSRSSGRVYYFNHITNASQWERPSG,1,39,N26L,10,0.836520076,,10 mM NaPi pH 7 15 uM potein,,,,
pin1,2M8I,Jager 2009 Pin1,MADEEKLPPGWEKRMSRSSGRVYYFNHITNASQWERPSG,1,39,N26D,36,0.313097514,,10 mM NaPi pH 7 15 uM potein,,,,
pin1,2M8I,Jager 2009 Pin1,MADEEKLPPGWEKRMSRSSGRVYYFNHITNASQWERPSG,1,39,H27A,57.7,-1.443594646,,10 mM NaPi pH 7 15 uM potein,,,,
pin1,2M8I,Jager 2009 Pin1,MADEEKLPPGWEKRMSRSSGRVYYFNHITNASQWERPSG,1,39,H27G,50.5,-0.886711281,,10 mM NaPi pH 7 15 uM potein,,,,
pin1,2M8I,Jager 2009 Pin1,MADEEKLPPGWEKRMSRSSGRVYYFNHITNASQWERPSG,1,39,I28A,54.2,-1.206978967,,10 mM NaPi pH 7 15 uM potein,,,,
pin1,2M8I,Jager 2009 Pin1,MADEEKLPPGWEKRMSRSSGRVYYFNHITNASQWERPSG,1,39,I28G,47.2,-0.609464627,,10 mM NaPi pH 7 15 uM potein,,,,
pin1,2M8I,Jager 2009 Pin1,MADEEKLPPGWEKRMSRSSGRVYYFNHITNASQWERPSG,1,39,T29A,44.3,-0.320267686,,10 mM NaPi pH 7 15 uM potein,,,,
pin1,2M8I,Jager 2009 Pin1,MADEEKLPPGWEKRMSRSSGRVYYFNHITNASQWERPSG,1,39,T29G,34.4,0.420650096,,10 mM NaPi pH 7 15 uM potein,,,,
pin1,2M8I,Jager 2009 Pin1,MADEEKLPPGWEKRMSRSSGRVYYFNHITNASQWERPSG,1,39,T29S,50.8,-0.920172084,,10 mM NaPi pH 7 15 uM potein,,,,
pin1,2M8I,Jager 2009 Pin1,MADEEKLPPGWEKRMSRSSGRVYYFNHITNASQWERPSG,1,39,T29D,42.9,-0.231835564,,10 mM NaPi pH 7 15 uM potein,,,,
pin1,2M8I,Jager 2009 Pin1,MADEEKLPPGWEKRMSRSSGRVYYFNHITNASQWERPSG,1,39,N30A,53.3,-1.092256214,,10 mM NaPi pH 7 15 uM potein,,,,
pin1,2M8I,Jager 2009 Pin1,MADEEKLPPGWEKRMSRSSGRVYYFNHITNASQWERPSG,1,39,N30G,65,-2.093690249,,10 mM NaPi pH 7 15 uM potein,,,,
pin1,2M8I,Jager 2009 Pin1,MADEEKLPPGWEKRMSRSSGRVYYFNHITNASQWERPSG,1,39,A31G,40.9,-0.076481836,,10 mM NaPi pH 7 15 uM potein,,,,
pin1,2M8I,Jager 2009 Pin1,MADEEKLPPGWEKRMSRSSGRVYYFNHITNASQWERPSG,1,39,S32A,56.9,-1.302581262,,10 mM NaPi pH 7 15 uM potein,,,,
pin1,2M8I,Jager 2009 Pin1,MADEEKLPPGWEKRMSRSSGRVYYFNHITNASQWERPSG,1,39,S32G,50.1,-0.760038241,,10 mM NaPi pH 7 15 uM potein,,,,
pin1,2M8I,Jager 2009 Pin1,MADEEKLPPGWEKRMSRSSGRVYYFNHITNASQWERPSG,1,39,Q33A,53.1,-0.99665392,,10 mM NaPi pH 7 15 uM potein,,,,
pin1,2M8I,Jager 2009 Pin1,MADEEKLPPGWEKRMSRSSGRVYYFNHITNASQWERPSG,1,39,W34A,52.9,-1.161567878,,10 mM NaPi pH 7 15 uM potein,,,,
pin1,2M8I,Jager 2009 Pin1,MADEEKLPPGWEKRMSRSSGRVYYFNHITNASQWERPSG,1,39,W34F,58,-1.462715105,,10 mM NaPi pH 7 15 uM potein,,,,
pin1,2M8I,Jager 2009 Pin1,MADEEKLPPGWEKRMSRSSGRVYYFNHITNASQWERPSG,1,39,E35A,50.3,-0.836520076,,10 mM NaPi pH 7 15 uM potein,,,,
pin1,2M8I,Jager 2009 Pin1,MADEEKLPPGWEKRMSRSSGRVYYFNHITNASQWERPSG,1,39,R36A,56.7,-1.273900574,,10 mM NaPi pH 7 15 uM potein,,,,
pin1,2M8I,Jager 2009 Pin1,MADEEKLPPGWEKRMSRSSGRVYYFNHITNASQWERPSG,1,39,P37A,25,0.717017208,,10 mM NaPi pH 7 15 uM potein,,,,
pin1,2M8I,Jager 2009 Pin1,MADEEKLPPGWEKRMSRSSGRVYYFNHITNASQWERPSG,1,39,P37I,25,0.717017208,,10 mM NaPi pH 7 15 uM potein,,,,
pin1,2M8I,Jager 2009 Pin1,MADEEKLPPGWEKRMSRSSGRVYYFNHITNASQWERPSG,1,39,S38A,58.8,-1.615678776,,10 mM NaPi pH 7 15 uM potein,,,,
pin1,2M8I,Jager 2009 Pin1,MADEEKLPPGWEKRMSRSSGRVYYFNHITNASQWERPSG,1,39,S38G,58.2,-1.484225621,,10 mM NaPi pH 7 15 uM potein,,,,